INSERT INTO MEMBER (M_ID, M_NAME) VALUES ('IronMan', '아이언맨');
INSERT INTO MEMBER (M_ID, M_NAME) VALUES ('Hulk', '헐크');
INSERT INTO MEMBER (M_ID, M_NAME) VALUES ('Thor', '토르');
INSERT INTO MEMBER (M_ID, M_NAME) VALUES ('Captain', '캡틴아메리카');
INSERT INTO MEMBER (M_ID, M_NAME) VALUES ('BPanther', '블랙팬');
INSERT INTO MEMBER (M_ID, M_NAME) VALUES ('AntMan', '앤트맨');
INSERT INTO MEMBER (M_ID, M_NAME) VALUES ('BatMan', '베트맨');
INSERT INTO MEMBER (M_ID, M_NAME) VALUES ('SuperMan', '슈퍼맨');
INSERT INTO MEMBER (M_ID, M_NAME) VALUES ('WonderWoman', '원더우먼');
INSERT INTO MEMBER (M_ID, M_NAME) VALUES ('Aquaman', '아쿠아맨');
INSERT INTO MEMBER (M_ID, M_NAME) VALUES ('Flash', '플래시');
INSERT INTO MEMBER (M_ID, M_NAME) VALUES ('Cyborg', '사이보그');

INSERT INTO ROOM (R_ID) VALUES ('marvel_old');
INSERT INTO ROOM (R_ID) VALUES ('dc_old');
INSERT INTO ROOM (R_ID) VALUES ('marvel');
INSERT INTO ROOM (R_ID) VALUES ('dc');

INSERT INTO ROOM_MEMBER (M_ID, R_SEQ) VALUES ('IronMan', 1);
INSERT INTO ROOM_MEMBER (M_ID, R_SEQ) VALUES ('Hulk', 1);
INSERT INTO ROOM_MEMBER (M_ID, R_SEQ) VALUES ('Thor', 1);
INSERT INTO ROOM_MEMBER (M_ID, R_SEQ) VALUES ('Captain', 1);
INSERT INTO ROOM_MEMBER (M_ID, R_SEQ) VALUES ('BPanther', 1);
INSERT INTO ROOM_MEMBER (M_ID, R_SEQ) VALUES ('AntMan', 1);
INSERT INTO ROOM_MEMBER (M_ID, R_SEQ) VALUES ('BatMan', 2);
INSERT INTO ROOM_MEMBER (M_ID, R_SEQ) VALUES ('SuperMan', 2);
INSERT INTO ROOM_MEMBER (M_ID, R_SEQ) VALUES ('WonderWoman', 2);
INSERT INTO ROOM_MEMBER (M_ID, R_SEQ) VALUES ('Aquaman', 2);
INSERT INTO ROOM_MEMBER (M_ID, R_SEQ) VALUES ('Flash', 2);
INSERT INTO ROOM_MEMBER (M_ID, R_SEQ) VALUES ('Cyborg', 2);
INSERT INTO ROOM_MEMBER (M_ID, R_SEQ) VALUES ('IronMan', 3);
INSERT INTO ROOM_MEMBER (M_ID, R_SEQ) VALUES ('Hulk', 3);
INSERT INTO ROOM_MEMBER (M_ID, R_SEQ) VALUES ('Thor', 3);
INSERT INTO ROOM_MEMBER (M_ID, R_SEQ) VALUES ('Captain', 3);
INSERT INTO ROOM_MEMBER (M_ID, R_SEQ) VALUES ('BPanther', 3);
INSERT INTO ROOM_MEMBER (M_ID, R_SEQ) VALUES ('AntMan', 3);
INSERT INTO ROOM_MEMBER (M_ID, R_SEQ) VALUES ('BatMan', 4);
INSERT INTO ROOM_MEMBER (M_ID, R_SEQ) VALUES ('SuperMan', 4);
INSERT INTO ROOM_MEMBER (M_ID, R_SEQ) VALUES ('WonderWoman', 4);
INSERT INTO ROOM_MEMBER (M_ID, R_SEQ) VALUES ('Aquaman', 4);
INSERT INTO ROOM_MEMBER (M_ID, R_SEQ) VALUES ('Flash', 4);
INSERT INTO ROOM_MEMBER (M_ID, R_SEQ) VALUES ('Cyborg', 4);

INSERT INTO SPREAD ( M_ID, R_SEQ, AMOUNT, PERSONNEL, TOKEN, CREATE_AT, EXPIRY_AT ) VALUES ('IronMan', 1, 10000, 5, 'ABC', '2020-10-01 00:00:00', '2020-01-01 00:10:00');
INSERT INTO SPREAD ( M_ID, R_SEQ, AMOUNT, PERSONNEL, TOKEN, CREATE_AT, EXPIRY_AT ) VALUES ('BatMan', 2, 10000, 5, 'ABC', '2020-10-01 00:00:00', '2020-01-01 00:10:00');
INSERT INTO SPREAD ( M_ID, R_SEQ, AMOUNT, PERSONNEL, TOKEN, CREATE_AT, EXPIRY_AT ) VALUES ('IronMan', 3, 10000, 5, 'DEF', NOW(), '2020-11-30 00:10:00');
INSERT INTO SPREAD ( M_ID, R_SEQ, AMOUNT, PERSONNEL, TOKEN, CREATE_AT, EXPIRY_AT ) VALUES ('BatMan', 4, 10000, 5, 'DEF', NOW(), '2020-11-30 00:10:00');

INSERT INTO SPREAD_DETAIL ( S_SEQ, ORDER_NO, M_ID, AMOUNT ) VALUES (1, 1, 'Hulk', 1000);
INSERT INTO SPREAD_DETAIL ( S_SEQ, ORDER_NO, M_ID, AMOUNT ) VALUES (1, 2, 'Thor', 1500);
INSERT INTO SPREAD_DETAIL ( S_SEQ, ORDER_NO, M_ID, AMOUNT ) VALUES (1, 3, 'Captain', 2000);
INSERT INTO SPREAD_DETAIL ( S_SEQ, ORDER_NO, M_ID, AMOUNT ) VALUES (1, 4, 'BPanther', 2500);
INSERT INTO SPREAD_DETAIL ( S_SEQ, ORDER_NO, M_ID, AMOUNT ) VALUES (1, 5, 'AntMan', 3000);
INSERT INTO SPREAD_DETAIL ( S_SEQ, ORDER_NO, M_ID, AMOUNT ) VALUES (2, 1, 'SuperMan', 1000);
INSERT INTO SPREAD_DETAIL ( S_SEQ, ORDER_NO, M_ID, AMOUNT ) VALUES (2, 2, 'WonderWoman', 1500);
INSERT INTO SPREAD_DETAIL ( S_SEQ, ORDER_NO, M_ID, AMOUNT ) VALUES (2, 3, 'Aquaman', 2000);
INSERT INTO SPREAD_DETAIL ( S_SEQ, ORDER_NO, M_ID, AMOUNT ) VALUES (2, 4, 'Flash', 2500);
INSERT INTO SPREAD_DETAIL ( S_SEQ, ORDER_NO, M_ID, AMOUNT ) VALUES (2, 5, 'Cyborg', 3000);
INSERT INTO SPREAD_DETAIL ( S_SEQ, ORDER_NO, M_ID, AMOUNT ) VALUES (3, 1, 'Hulk', 1000);
INSERT INTO SPREAD_DETAIL ( S_SEQ, ORDER_NO, M_ID, AMOUNT ) VALUES (3, 2, 'Thor', 1500);
INSERT INTO SPREAD_DETAIL ( S_SEQ, ORDER_NO, M_ID, AMOUNT ) VALUES (3, 3, 'Captain', 2000);
INSERT INTO SPREAD_DETAIL ( S_SEQ, ORDER_NO, M_ID, AMOUNT ) VALUES (3, 4, 'BPanther', 2500);
INSERT INTO SPREAD_DETAIL ( S_SEQ, ORDER_NO, M_ID, AMOUNT ) VALUES (3, 5, 'AntMan', 3000);
INSERT INTO SPREAD_DETAIL ( S_SEQ, ORDER_NO, M_ID, AMOUNT ) VALUES (4, 1, 'SuperMan', 1000);
INSERT INTO SPREAD_DETAIL ( S_SEQ, ORDER_NO, M_ID, AMOUNT ) VALUES (4, 2, 'WonderWoman', 1500);
INSERT INTO SPREAD_DETAIL ( S_SEQ, ORDER_NO, M_ID, AMOUNT ) VALUES (4, 3, 'Aquaman', 2000);
INSERT INTO SPREAD_DETAIL ( S_SEQ, ORDER_NO, M_ID, AMOUNT ) VALUES (4, 4, 'Flash', 2500);
INSERT INTO SPREAD_DETAIL ( S_SEQ, ORDER_NO, M_ID, AMOUNT ) VALUES (4, 5, 'Cyborg', 3000);

COMMIT;